CREATE TABLE admin (
	username varchar(32) NOT NULL,
	password varchar(128) NOT NULL,
	name varchar(40) NOT NULL,
	surname varchar(40) NOT NULL,
	PRIMARY KEY(username)
);

CREATE TYPE specialty AS ENUM ( 'pathologos', 'ofthalmiatros', 'orthopedikos');

CREATE TABLE doctor (
	username varchar(32) NOT NULL,
	password varchar(128) NOT NULL,
	spec specialty NOT NULL,
	name varchar(40) NOT NULL,
	surname varchar(40) NOT NULL,
	PRIMARY KEY(username),
    CONSTRAINT doctor_specialty_check CHECK (((spec)::text = ANY ((ARRAY['pathologos'::character varying, 'ofthalmiatros'::character varying, 'orthopedikos'::character varying])::text[])))
);

CREATE TABLE patient (
	username varchar(32) NOT NULL,
	password varchar(128) NOT NULL,
	amka varchar(11) NOT NULL,
	name varchar(40) NOT NULL,
	surname varchar(40) NOT NULL,
	PRIMARY KEY(username),
	UNIQUE(amka),
	CONSTRAINT patient_amka_numeric CHECK ( amka ~ '^[0-9]{11}$' )
);

CREATE TABLE availabillity(
	username varchar(32) REFERENCES doctor(username) ON DELETE CASCADE,
	d_start timestamp NOT NULL,
	d_end timestamp NOT NULL,
	PRIMARY KEY(username, d_start, d_end)
);

CREATE TABLE appointments (
	doc_username varchar(32) REFERENCES doctor(username) ON DELETE CASCADE,
	pat_username varchar(32) REFERENCES patient(username) ON DELETE CASCADE,
	d timestamp NOT NULL,
	PRIMARY KEY(doc_username,pat_username, d)
);

INSERT INTO admin (username, password, name, surname) VALUES
('admin', 'jVW3YvPMuCltmsq2/S3UsEpT3oM=', 'admin', 'admin')
,	('administrator', 'jVW3YvPMuCltmsq2/S3UsEpT3oM=', 'Admin', 'Admin');

INSERT INTO patient (username, password, amka, name, surname) VALUES
('thernandezc7', 'jVW3YvPMuCltmsq2/S3UsEpT3oM=', '49110578449', 'Tina', 'Hernandez')
,	('sramirezc8', 'jVW3YvPMuCltmsq2/S3UsEpT3oM=', '35346089216', 'Stephen', 'Ramirez')
,	('nharperc9', 'jVW3YvPMuCltmsq2/S3UsEpT3oM=', '50388542017', 'Nancy', 'Harper')
,	('kstoneca', 'jVW3YvPMuCltmsq2/S3UsEpT3oM=', '30367850459', 'Keith', 'Stone')
,	('hwheelercb', 'jVW3YvPMuCltmsq2/S3UsEpT3oM=', '53282539563', 'Henry', 'Wheeler')
,	('trobertscc', 'jVW3YvPMuCltmsq2/S3UsEpT3oM=', '35386676874', 'Todd', 'Roberts')
,	('rfraziercd', 'jVW3YvPMuCltmsq2/S3UsEpT3oM=', '49036789313', 'Ruby', 'Frazier')
,	('aharveyce', 'jVW3YvPMuCltmsq2/S3UsEpT3oM=', '56022385690', 'Angela', 'Harvey')
,	('jbennettcf', 'jVW3YvPMuCltmsq2/S3UsEpT3oM=', '35800130345', 'Jason', 'Bennett')
,	('hlopezcg', 'jVW3YvPMuCltmsq2/S3UsEpT3oM=', '67616980802', 'Heather', 'Lopez')
,	('dporterch', 'jVW3YvPMuCltmsq2/S3UsEpT3oM=', '50076627660', 'Dennis', 'Porter')
,	('bduncanci', 'jVW3YvPMuCltmsq2/S3UsEpT3oM=', '37230147809', 'Benjamin', 'Duncan')
,	('mmurphycj', 'jVW3YvPMuCltmsq2/S3UsEpT3oM=', '35332164356', 'Mildred', 'Murphy')
,	('awellsck', 'jVW3YvPMuCltmsq2/S3UsEpT3oM=', '06046313196', 'Anna', 'Wells')
,	('rjenkinscl', 'jVW3YvPMuCltmsq2/S3UsEpT3oM=', '50384348882', 'Robert', 'Jenkins')
,	('jbutlercm', 'jVW3YvPMuCltmsq2/S3UsEpT3oM=', '35496894212', 'Julia', 'Butler')
,	('jcampbellcn', 'jVW3YvPMuCltmsq2/S3UsEpT3oM=', '56022329853', 'Judy', 'Campbell')
,	('rtaylorco', 'jVW3YvPMuCltmsq2/S3UsEpT3oM=', '44741518751', 'Richard', 'Taylor')
,	('tgutierrezcp', 'jVW3YvPMuCltmsq2/S3UsEpT3oM=', '35824008178', 'Tina', 'Gutierrez')
,	('wjacksoncq', 'jVW3YvPMuCltmsq2/S3UsEpT3oM=', '67627251243', 'Walter', 'Jackson')
,	('lboydcr', 'jVW3YvPMuCltmsq2/S3UsEpT3oM=', '56105563477', 'Larry', 'Boyd')
,	('preidcs', 'jVW3YvPMuCltmsq2/S3UsEpT3oM=', '35584368928', 'Phillip', 'Reid')
,	('mlongct', 'jVW3YvPMuCltmsq2/S3UsEpT3oM=', '35808583625', 'Maria', 'Long')
,	('cmorgancu', 'jVW3YvPMuCltmsq2/S3UsEpT3oM=', '56106693244', 'Christine', 'Morgan')
,	('mramirezcv', 'jVW3YvPMuCltmsq2/S3UsEpT3oM=', '63700968832', 'Margaret', 'Ramirez')
,	('blawsoncw', 'jVW3YvPMuCltmsq2/S3UsEpT3oM=', '35687653922', 'Benjamin', 'Lawson')
,	('ehartcx', 'jVW3YvPMuCltmsq2/S3UsEpT3oM=', '35758514718', 'Ernest', 'Hart')
,	('aarmstrongcy', 'jVW3YvPMuCltmsq2/S3UsEpT3oM=', '35738054974', 'Albert', 'Armstrong')
,	('lmorgancz', 'jVW3YvPMuCltmsq2/S3UsEpT3oM=', '35797957811', 'Larry', 'Morgan')
,	('vmorenod0', 'jVW3YvPMuCltmsq2/S3UsEpT3oM=', '35499825103', 'Virginia', 'Moreno')
,	('bgibsond1', 'jVW3YvPMuCltmsq2/S3UsEpT3oM=', '35501181532', 'Brandon', 'Gibson')
,	('rwatsond2', 'jVW3YvPMuCltmsq2/S3UsEpT3oM=', '35541534022', 'Ruby', 'Watson')
,	('sjonesd3', 'jVW3YvPMuCltmsq2/S3UsEpT3oM=', '37428328197', 'Steve', 'Jones')
,	('scarterd4', 'jVW3YvPMuCltmsq2/S3UsEpT3oM=', '40413763236', 'Sarah', 'Carter')
,	('eevansd5', 'jVW3YvPMuCltmsq2/S3UsEpT3oM=', '30293709491', 'Eric', 'Evans')
,	('byoungd6', 'jVW3YvPMuCltmsq2/S3UsEpT3oM=', '63046077227', 'Brandon', 'Young')
,	('tjohnsond7', 'jVW3YvPMuCltmsq2/S3UsEpT3oM=', '35602274666', 'Timothy', 'Johnson')
,	('jriced8', 'jVW3YvPMuCltmsq2/S3UsEpT3oM=', '35788229159', 'Jack', 'Rice')
,	('jtuckerd9', 'jVW3YvPMuCltmsq2/S3UsEpT3oM=', '49032872505', 'Julie', 'Tucker')
,	('cburnsda', 'jVW3YvPMuCltmsq2/S3UsEpT3oM=', '35616715760', 'Craig', 'Burns')
,	('jjamesdb', 'jVW3YvPMuCltmsq2/S3UsEpT3oM=', '35627882562', 'Jeremy', 'James')
,	('jfergusondc', 'jVW3YvPMuCltmsq2/S3UsEpT3oM=', '35834181612', 'Jessica', 'Ferguson')
,	('aleedd', 'jVW3YvPMuCltmsq2/S3UsEpT3oM=', '40219874224', 'Anna', 'Lee')
,	('halexanderde', 'jVW3YvPMuCltmsq2/S3UsEpT3oM=', '35482603708', 'Howard', 'Alexander')
,	('afoxdf', 'jVW3YvPMuCltmsq2/S3UsEpT3oM=', '35328019666', 'Antonio', 'Fox')
,	('jstanleydg', 'jVW3YvPMuCltmsq2/S3UsEpT3oM=', '35566002174', 'Jeffrey', 'Stanley')
,	('mmurphydh', 'jVW3YvPMuCltmsq2/S3UsEpT3oM=', '35896074727', 'Michelle', 'Murphy')
,	('bdixondi', 'jVW3YvPMuCltmsq2/S3UsEpT3oM=', '35510418777', 'Bruce', 'Dixon')
,	('kparkerdj', 'jVW3YvPMuCltmsq2/S3UsEpT3oM=', '35534190277', 'Kimberly', 'Parker')
,	('mfisherdk', 'jVW3YvPMuCltmsq2/S3UsEpT3oM=', '56022213463', 'Mark', 'Fisher')
,	('dmurphydl', 'jVW3YvPMuCltmsq2/S3UsEpT3oM=', '35644038474', 'Diana', 'Murphy')
,	('hbakerdm', 'jVW3YvPMuCltmsq2/S3UsEpT3oM=', '56022508617', 'Heather', 'Baker')
,	('smorrisondn', 'jVW3YvPMuCltmsq2/S3UsEpT3oM=', '35451230977', 'Stephen', 'Morrison')
,	('swebbdo', 'jVW3YvPMuCltmsq2/S3UsEpT3oM=', '63337979881', 'Steve', 'Webb')
,	('lmatthewsdp', 'jVW3YvPMuCltmsq2/S3UsEpT3oM=', '35324743129', 'Louise', 'Matthews');


INSERT INTO doctor (username, password, spec, name, surname) VALUES
('ccook0', 'jVW3YvPMuCltmsq2/S3UsEpT3oM=', 'pathologos', 'Carolyn', 'Cook')
,	('mrodriguez1', 'jVW3YvPMuCltmsq2/S3UsEpT3oM=', 'pathologos', 'Mary', 'Rodriguez')
,	('crichards2', 'jVW3YvPMuCltmsq2/S3UsEpT3oM=', 'pathologos', 'Christine', 'Richards')
,	('kscott3', 'jVW3YvPMuCltmsq2/S3UsEpT3oM=', 'pathologos', 'Kathryn', 'Scott')
,	('mevans4', 'jVW3YvPMuCltmsq2/S3UsEpT3oM=', 'pathologos', 'Michelle', 'Evans')
,	('vharrison5', 'jVW3YvPMuCltmsq2/S3UsEpT3oM=', 'pathologos', 'Virginia', 'Harrison')
,	('clong6', 'jVW3YvPMuCltmsq2/S3UsEpT3oM=', 'pathologos', 'Clarence', 'Long')
,	('bgarcia7', 'jVW3YvPMuCltmsq2/S3UsEpT3oM=', 'pathologos', 'Benjamin', 'Garcia')
,	('dhowell8', 'jVW3YvPMuCltmsq2/S3UsEpT3oM=', 'pathologos', 'Diane', 'Howell')
,	('lmitchell9', 'jVW3YvPMuCltmsq2/S3UsEpT3oM=', 'orthopedikos', 'Linda', 'Mitchell')
,	('bjamesa', 'jVW3YvPMuCltmsq2/S3UsEpT3oM=', 'orthopedikos', 'Beverly', 'James')
,	('twardb', 'jVW3YvPMuCltmsq2/S3UsEpT3oM=', 'orthopedikos', 'Terry', 'Ward')
,	('ldayc', 'jVW3YvPMuCltmsq2/S3UsEpT3oM=', 'orthopedikos', 'Lawrence', 'Day')
,	('emillsd', 'jVW3YvPMuCltmsq2/S3UsEpT3oM=', 'orthopedikos', 'Earl', 'Mills')
,	('dpalmere', 'jVW3YvPMuCltmsq2/S3UsEpT3oM=', 'orthopedikos', 'Doris', 'Palmer')
,	('aedwardsf', 'jVW3YvPMuCltmsq2/S3UsEpT3oM=', 'orthopedikos', 'Ashley', 'Edwards')
,	('lgonzalezg', 'jVW3YvPMuCltmsq2/S3UsEpT3oM=', 'ofthalmiatros', 'Lawrence', 'Gonzalez')
,	('salexanderh', 'jVW3YvPMuCltmsq2/S3UsEpT3oM=', 'ofthalmiatros', 'Sarah', 'Alexander')
,	('towensi', 'jVW3YvPMuCltmsq2/S3UsEpT3oM=', 'ofthalmiatros', 'Tina', 'Owens')
,	('dfowlerj', 'jVW3YvPMuCltmsq2/S3UsEpT3oM=', 'ofthalmiatros', 'Daniel', 'Fowler')
,	('tbrownk', 'jVW3YvPMuCltmsq2/S3UsEpT3oM=', 'ofthalmiatros', 'Todd', 'Brown')
,	('dgrantl', 'jVW3YvPMuCltmsq2/S3UsEpT3oM=', 'ofthalmiatros', 'Dennis', 'Grant')
,	('elanem', 'jVW3YvPMuCltmsq2/S3UsEpT3oM=', 'ofthalmiatros', 'Elizabeth', 'Lane')
,	('cwatsonn', 'jVW3YvPMuCltmsq2/S3UsEpT3oM=', 'ofthalmiatros', 'Chris', 'Watson');


INSERT INTO availabillity (username, d_start, d_end) VALUES
('ccook0',  to_timestamp('25-06-2017 10:30', 'DD-MM-YYYY hh24:mi'), to_timestamp('25-06-2017 14:00', 'DD-MM-YYYY hh24:mi'))
,	('ccook0',  to_timestamp('23-06-2017 11:30', 'DD-MM-YYYY hh24:mi'), to_timestamp('23-06-2017 23:30', 'DD-MM-YYYY hh24:mi'))
,	('mrodriguez1', to_timestamp('23-07-2017 8:30', 'DD-MM-YYYY hh24:mi'), to_timestamp('23-07-2017 18:00', 'DD-MM-YYYY hh24:mi'))
,	('mrodriguez1', to_timestamp('26-06-2017 8:30', 'DD-MM-YYYY hh24:mi'), to_timestamp('26-06-2017 15:30', 'DD-MM-YYYY hh24:mi'))
,	('crichards2', to_timestamp('24-06-2017 11:30', 'DD-MM-YYYY hh24:mi'), to_timestamp('24-06-2017 17:00', 'DD-MM-YYYY hh24:mi'))
,	('crichards2', to_timestamp('27-06-2017 8:30', 'DD-MM-YYYY hh24:mi'), to_timestamp('27-06-2017 16:30', 'DD-MM-YYYY hh24:mi'))
,	('kscott3', to_timestamp('28-06-2017 8:30', 'DD-MM-YYYY hh24:mi'), to_timestamp('28-06-2017 12:00', 'DD-MM-YYYY hh24:mi'))
,	('kscott3', to_timestamp('26-06-2017 6:00', 'DD-MM-YYYY hh24:mi'), to_timestamp('26-06-2017 8:30', 'DD-MM-YYYY hh24:mi'))
,	('mevans4', to_timestamp('23-06-2017 10:00', 'DD-MM-YYYY hh24:mi'), to_timestamp('23-06-2017 13:30', 'DD-MM-YYYY hh24:mi'))
,	('vharrison5', to_timestamp('23-07-2017 8:30', 'DD-MM-YYYY hh24:mi'), to_timestamp('23-07-2017 13:30', 'DD-MM-YYYY hh24:mi'))
,	('vharrison5', to_timestamp('29-06-2017 10:00', 'DD-MM-YYYY hh24:mi'), to_timestamp('29-06-2017 20:00', 'DD-MM-YYYY hh24:mi'))
,	('lmitchell9', to_timestamp('25-06-2017 10:30', 'DD-MM-YYYY hh24:mi'), to_timestamp('25-06-2017 14:00', 'DD-MM-YYYY hh24:mi'))
,	('lmitchell9', to_timestamp('23-06-2017 11:30', 'DD-MM-YYYY hh24:mi'), to_timestamp('23-06-2017 23:30', 'DD-MM-YYYY hh24:mi'))
,	('bjamesa', to_timestamp('23-07-2017 8:30', 'DD-MM-YYYY hh24:mi'), to_timestamp('23-07-2017 18:00', 'DD-MM-YYYY hh24:mi'))
,	('bjamesa', to_timestamp('26-06-2017 8:30', 'DD-MM-YYYY hh24:mi'), to_timestamp('26-06-2017 15:30', 'DD-MM-YYYY hh24:mi'))
,	('twardb', to_timestamp('24-06-2017 11:30', 'DD-MM-YYYY hh24:mi'), to_timestamp('24-06-2017 17:00', 'DD-MM-YYYY hh24:mi'))
,	('twardb', to_timestamp('27-06-2017 8:30', 'DD-MM-YYYY hh24:mi'), to_timestamp('27-06-2017 16:30', 'DD-MM-YYYY hh24:mi'))
,	('ldayc', to_timestamp('28-06-2017 8:30', 'DD-MM-YYYY hh24:mi'), to_timestamp('28-06-2017 12:00', 'DD-MM-YYYY hh24:mi'))
,	('ldayc', to_timestamp('26-06-2017 6:00', 'DD-MM-YYYY hh24:mi'), to_timestamp('26-06-2017 8:30', 'DD-MM-YYYY hh24:mi'))
,	('dpalmere', to_timestamp('29-06-2017 10:00', 'DD-MM-YYYY hh24:mi'), to_timestamp('29-06-2017 20:00', 'DD-MM-YYYY hh24:mi'))
,	('lgonzalezg', to_timestamp('25-06-2017 10:30', 'DD-MM-YYYY hh24:mi'), to_timestamp('25-06-2017 14:00', 'DD-MM-YYYY hh24:mi'))
,	('lgonzalezg', to_timestamp('23-06-2017 11:30', 'DD-MM-YYYY hh24:mi'), to_timestamp('23-06-2017 23:30', 'DD-MM-YYYY hh24:mi'))
,	('salexanderh', to_timestamp('26-06-2017 8:30', 'DD-MM-YYYY hh24:mi'), to_timestamp('26-06-2017 15:30', 'DD-MM-YYYY hh24:mi'))
,	('towensi', to_timestamp('24-06-2017 11:30', 'DD-MM-YYYY hh24:mi'), to_timestamp('24-06-2017 17:00', 'DD-MM-YYYY hh24:mi'))
,	('towensi', to_timestamp('27-06-2017 8:30', 'DD-MM-YYYY hh24:mi'), to_timestamp('27-06-2017 16:30', 'DD-MM-YYYY hh24:mi'))
,	('dfowlerj', to_timestamp('28-06-2017 8:30', 'DD-MM-YYYY hh24:mi'), to_timestamp('28-06-2017 12:00', 'DD-MM-YYYY hh24:mi'))
,	('dfowlerj', to_timestamp('26-06-2017 6:00', 'DD-MM-YYYY hh24:mi'), to_timestamp('26-06-2017 8:30', 'DD-MM-YYYY hh24:mi'))
,	('tbrownk', to_timestamp('23-07-2017 8:30', 'DD-MM-YYYY hh24:mi'), to_timestamp('23-07-2017 13:30', 'DD-MM-YYYY hh24:mi'))
,	('dgrantl', to_timestamp('29-06-2017 10:00', 'DD-MM-YYYY hh24:mi'), to_timestamp('29-06-2017 20:00', 'DD-MM-YYYY hh24:mi'));

INSERT INTO appointments(doc_username, pat_username, d) VALUES
('vharrison5', 'hwheelercb', to_timestamp('2017-04-01 07:01', 'YYYY-MM-DD hh24:mi'))
,	('mevans4', 'rtaylorco', to_timestamp('2017-01-01 03:21', 'YYYY-MM-DD hh24:mi'))
,	('dgrantl', 'rwatsond2', to_timestamp('2017-05-01 23:13', 'YYYY-MM-DD hh24:mi'))
,	('salexanderh', 'hbakerdm', to_timestamp('2017-01-01 05:04', 'YYYY-MM-DD hh24:mi'))
,	('crichards2', 'halexanderde', to_timestamp('2017-01-01 05:18', 'YYYY-MM-DD hh24:mi'))
,	('lmitchell9', 'lmatthewsdp', to_timestamp('2017-01-01 05:21', 'YYYY-MM-DD hh24:mi'))
,	('aedwardsf', 'scarterd4', to_timestamp('2017-01-01 07:01', 'YYYY-MM-DD hh24:mi'))
,	('mrodriguez1', 'kstoneca', to_timestamp('2017-01-01 07:16', 'YYYY-MM-DD hh24:mi'))
,	('cwatsonn', 'lmorgancz', to_timestamp('2017-01-01 13:33', 'YYYY-MM-DD hh24:mi'))
,	('elanem', 'mlongct', to_timestamp('2017-01-01 18:54', 'YYYY-MM-DD hh24:mi'))
,	('tbrownk', 'lmatthewsdp', to_timestamp('2017-04-01 11:01', 'YYYY-MM-DD hh24:mi'))
,	('ldayc', 'jriced8', to_timestamp('2017-01-30 12:16', 'YYYY-MM-DD hh24:mi'))
,	('mrodriguez1', 'sjonesd3', to_timestamp('2017-04-27 19:36', 'YYYY-MM-DD hh24:mi'))
,	('crichards2', 'kparkerdj', to_timestamp('2017-04-27 20:26', 'YYYY-MM-DD hh24:mi'))
,	('vharrison5', 'swebbdo', to_timestamp('2017-04-28 05:11', 'YYYY-MM-DD hh24:mi'))
,	('crichards2', 'nharperc9', to_timestamp('2017-01-31 01:07', 'YYYY-MM-DD hh24:mi'))
,	('kscott3', 'thernandezc7', to_timestamp('2017-04-28 08:00', 'YYYY-MM-DD hh24:mi'))
,	('ccook0', 'lmatthewsdp', to_timestamp('2017-01-31 04:30', 'YYYY-MM-DD hh24:mi'))
,	('crichards2', 'cmorgancu', to_timestamp('2017-04-28 12:35', 'YYYY-MM-DD hh24:mi'))
,	('twardb', 'sjonesd3', to_timestamp('2017-01-31 11:25', 'YYYY-MM-DD hh24:mi'))
,	('bgarcia7', 'cburnsda', to_timestamp('2017-01-31 13:39', 'YYYY-MM-DD hh24:mi'))
,	('bjamesa', 'aleedd', to_timestamp('2017-04-28 16:14', 'YYYY-MM-DD hh24:mi'))
,	('ldayc', 'trobertscc', to_timestamp('2017-01-31 15:31', 'YYYY-MM-DD hh24:mi'))
,	('bgarcia7', 'swebbdo', to_timestamp('2017-01-31 17:33', 'YYYY-MM-DD hh24:mi'))
,	('lmitchell9', 'hbakerdm', to_timestamp('2017-04-28 20:26', 'YYYY-MM-DD hh24:mi'))
,	('dgrantl', 'jbutlercm', to_timestamp('2017-01-31 19:02', 'YYYY-MM-DD hh24:mi'))
,	('dhowell8', 'mmurphydh', to_timestamp('2017-01-31 19:41', 'YYYY-MM-DD hh24:mi'))
,	('salexanderh', 'dmurphydl', to_timestamp('2017-02-01 01:55', 'YYYY-MM-DD hh24:mi'))
,	('elanem', 'tgutierrezcp', to_timestamp('2017-04-29 05:17', 'YYYY-MM-DD hh24:mi'))
,	('vharrison5', 'halexanderde', to_timestamp('2017-04-29 06:37', 'YYYY-MM-DD hh24:mi'))
,	('cwatsonn', 'kparkerdj', to_timestamp('2017-04-29 06:55', 'YYYY-MM-DD hh24:mi'))
,	('cwatsonn', 'hwheelercb', to_timestamp('2017-02-01 05:23', 'YYYY-MM-DD hh24:mi'))
,	('cwatsonn', 'dporterch', to_timestamp('2017-02-01 05:47', 'YYYY-MM-DD hh24:mi'))
,	('towensi', 'trobertscc', to_timestamp('2017-04-29 11:40', 'YYYY-MM-DD hh24:mi'))
,	('lmitchell9', 'mmurphycj', to_timestamp('2017-02-01 09:02', 'YYYY-MM-DD hh24:mi'))
,	('dfowlerj', 'awellsck', to_timestamp('2017-02-01 09:05', 'YYYY-MM-DD hh24:mi'))
,	('dgrantl', 'vmorenod0', to_timestamp('2017-02-01 11:27', 'YYYY-MM-DD hh24:mi'))
,	('ldayc', 'dporterch', to_timestamp('2017-02-01 11:35', 'YYYY-MM-DD hh24:mi'))
,	('clong6', 'sramirezc8', to_timestamp('2017-02-01 13:32', 'YYYY-MM-DD hh24:mi'))
,	('kscott3', 'ehartcx', to_timestamp('2017-02-01 17:01', 'YYYY-MM-DD hh24:mi'))
,	('mevans4', 'aleedd', to_timestamp('2017-04-29 18:44', 'YYYY-MM-DD hh24:mi'))
,	('aedwardsf', 'hbakerdm', to_timestamp('2017-04-29 18:56', 'YYYY-MM-DD hh24:mi'))
,	('twardb', 'lboydcr', to_timestamp('2017-04-29 20:08', 'YYYY-MM-DD hh24:mi'))
,	('lmitchell9', 'bgibsond1', to_timestamp('2017-02-01 20:30', 'YYYY-MM-DD hh24:mi'))
,	('salexanderh', 'wjacksoncq', to_timestamp('2017-02-01 23:08', 'YYYY-MM-DD hh24:mi'))
,	('salexanderh', 'preidcs', to_timestamp('2017-02-02 01:33', 'YYYY-MM-DD hh24:mi'))
,	('clong6', 'tgutierrezcp', to_timestamp('2017-02-02 02:10', 'YYYY-MM-DD hh24:mi'))
,	('cwatsonn', 'jtuckerd9', to_timestamp('2017-04-30 02:58', 'YYYY-MM-DD hh24:mi'))
,	('cwatsonn', 'lmatthewsdp', to_timestamp('2017-02-02 05:50', 'YYYY-MM-DD hh24:mi'))
,	('dpalmere', 'lmatthewsdp', to_timestamp('2017-02-02 06:22', 'YYYY-MM-DD hh24:mi'))
,	('ccook0', 'hlopezcg', to_timestamp('2017-04-30 06:48', 'YYYY-MM-DD hh24:mi'))
,	('vharrison5', 'eevansd5', to_timestamp('2017-04-30 13:26', 'YYYY-MM-DD hh24:mi'))
,	('lgonzalezg', 'mlongct', to_timestamp('2017-02-02 13:38', 'YYYY-MM-DD hh24:mi'))
,	('twardb', 'hbakerdm', to_timestamp('2017-02-02 15:36', 'YYYY-MM-DD hh24:mi'))
,	('dhowell8', 'kstoneca', to_timestamp('2017-04-30 17:57', 'YYYY-MM-DD hh24:mi'))
,	('mevans4', 'tgutierrezcp', to_timestamp('2017-02-02 18:11', 'YYYY-MM-DD hh24:mi'))
,	('tbrownk', 'preidcs', to_timestamp('2017-04-30 19:09', 'YYYY-MM-DD hh24:mi'))
,	('dhowell8', 'ehartcx', to_timestamp('2017-04-30 21:04', 'YYYY-MM-DD hh24:mi'))
,	('cwatsonn', 'jriced8', to_timestamp('2017-04-30 22:18', 'YYYY-MM-DD hh24:mi'))
,	('emillsd', 'cmorgancu', to_timestamp('2017-02-02 23:52', 'YYYY-MM-DD hh24:mi'))
,	('emillsd', 'mmurphycj', to_timestamp('2017-02-03 02:12', 'YYYY-MM-DD hh24:mi'))
,	('salexanderh', 'lboydcr', to_timestamp('2017-02-03 03:31', 'YYYY-MM-DD hh24:mi'))
,	('tbrownk', 'sjonesd3', to_timestamp('2017-02-03 04:24', 'YYYY-MM-DD hh24:mi'))
,	('crichards2', 'sjonesd3', to_timestamp('2017-02-03 07:02', 'YYYY-MM-DD hh24:mi'))
,	('bjamesa', 'wjacksoncq', to_timestamp('2017-05-01 06:17', 'YYYY-MM-DD hh24:mi'))
,	('dfowlerj', 'rtaylorco', to_timestamp('2017-05-01 06:52', 'YYYY-MM-DD hh24:mi'))
,	('clong6', 'bduncanci', to_timestamp('2017-02-03 08:14', 'YYYY-MM-DD hh24:mi'))
,	('clong6', 'nharperc9', to_timestamp('2017-05-01 07:45', 'YYYY-MM-DD hh24:mi'))
,	('dhowell8', 'nharperc9', to_timestamp('2017-02-03 08:37', 'YYYY-MM-DD hh24:mi'))
,	('dhowell8', 'tgutierrezcp', to_timestamp('2017-02-03 09:03', 'YYYY-MM-DD hh24:mi'))
,	('mevans4', 'rfraziercd', to_timestamp('2017-02-03 12:58', 'YYYY-MM-DD hh24:mi'))
,	('ldayc', 'tjohnsond7', to_timestamp('2017-05-01 14:36', 'YYYY-MM-DD hh24:mi'))
,	('elanem', 'bdixondi', to_timestamp('2017-02-03 20:49', 'YYYY-MM-DD hh24:mi'))
,	('ccook0', 'jtuckerd9', to_timestamp('2017-02-04 00:45', 'YYYY-MM-DD hh24:mi'))
,	('dhowell8', 'awellsck', to_timestamp('2017-02-04 05:45', 'YYYY-MM-DD hh24:mi'))
,	('kscott3', 'lboydcr', to_timestamp('2017-02-04 13:00', 'YYYY-MM-DD hh24:mi'))
,	('lmitchell9', 'mfisherdk', to_timestamp('2017-02-04 19:19', 'YYYY-MM-DD hh24:mi'))
,	('cwatsonn', 'hbakerdm', to_timestamp('2017-02-04 22:34', 'YYYY-MM-DD hh24:mi'))
,	('salexanderh', 'jjamesdb', to_timestamp('2017-02-05 00:51', 'YYYY-MM-DD hh24:mi'))
,	('towensi', 'aharveyce', to_timestamp('2017-02-05 04:48', 'YYYY-MM-DD hh24:mi'))
,	('ccook0', 'kstoneca', to_timestamp('2017-02-05 05:41', 'YYYY-MM-DD hh24:mi'))
,	('towensi', 'jcampbellcn', to_timestamp('2017-02-05 20:08', 'YYYY-MM-DD hh24:mi'))
,	('mevans4', 'swebbdo', to_timestamp('2017-02-06 04:43', 'YYYY-MM-DD hh24:mi'))
,	('mrodriguez1', 'mmurphycj', to_timestamp('2017-02-06 11:38', 'YYYY-MM-DD hh24:mi'))
,	('salexanderh', 'hlopezcg', to_timestamp('2017-02-06 12:35', 'YYYY-MM-DD hh24:mi'))
,	('towensi', 'jstanleydg', to_timestamp('2017-02-06 21:22', 'YYYY-MM-DD hh24:mi'))
,	('clong6', 'jriced8', to_timestamp('2017-02-06 22:02', 'YYYY-MM-DD hh24:mi'))
,	('bjamesa', 'jfergusondc', to_timestamp('2017-02-07 01:50', 'YYYY-MM-DD hh24:mi'))
,	('twardb', 'thernandezc7', to_timestamp('2017-02-07 09:35', 'YYYY-MM-DD hh24:mi'))
,	('salexanderh', 'mramirezcv', to_timestamp('2017-02-07 11:46', 'YYYY-MM-DD hh24:mi'))
,	('ccook0', 'wjacksoncq', to_timestamp('2017-02-07 15:04', 'YYYY-MM-DD hh24:mi'))
,	('bgarcia7', 'cmorgancu', to_timestamp('2017-02-07 15:21', 'YYYY-MM-DD hh24:mi'))
,	('tbrownk', 'tgutierrezcp', to_timestamp('2017-02-07 18:53', 'YYYY-MM-DD hh24:mi'))
,	('vharrison5', 'afoxdf', to_timestamp('2017-02-07 18:59', 'YYYY-MM-DD hh24:mi'))
,	('dgrantl', 'rfraziercd', to_timestamp('2017-02-07 20:08', 'YYYY-MM-DD hh24:mi'))
,	('bjamesa', 'blawsoncw', to_timestamp('2017-02-07 20:28', 'YYYY-MM-DD hh24:mi'))
,	('emillsd', 'hlopezcg', to_timestamp('2017-02-07 22:36', 'YYYY-MM-DD hh24:mi'))
,	('ccook0', 'cmorgancu', to_timestamp('2017-02-07 23:55', 'YYYY-MM-DD hh24:mi'))
,	('dhowell8', 'halexanderde', to_timestamp('2017-02-08 00:27', 'YYYY-MM-DD hh24:mi'))
,	('vharrison5', 'mmurphydh', to_timestamp('2017-02-08 03:19', 'YYYY-MM-DD hh24:mi'))
,	('clong6', 'rtaylorco', to_timestamp('2017-02-08 08:37', 'YYYY-MM-DD hh24:mi'))
,	('cwatsonn', 'dmurphydl', to_timestamp('2017-02-08 10:05', 'YYYY-MM-DD hh24:mi'))
,	('dgrantl', 'mramirezcv', to_timestamp('2017-02-08 15:01', 'YYYY-MM-DD hh24:mi'))
,	('dgrantl', 'bdixondi', to_timestamp('2017-02-08 20:05', 'YYYY-MM-DD hh24:mi'))
,	('salexanderh', 'mfisherdk', to_timestamp('2017-02-08 20:51', 'YYYY-MM-DD hh24:mi'))
,	('dhowell8', 'smorrisondn', to_timestamp('2017-02-08 21:33', 'YYYY-MM-DD hh24:mi'))
,	('mevans4', 'aharveyce', to_timestamp('2017-02-09 01:45', 'YYYY-MM-DD hh24:mi'))
,	('twardb', 'sramirezc8', to_timestamp('2017-02-09 01:51', 'YYYY-MM-DD hh24:mi'))
,	('dpalmere', 'aharveyce', to_timestamp('2017-02-09 03:29', 'YYYY-MM-DD hh24:mi'))
,	('vharrison5', 'bdixondi', to_timestamp('2017-02-09 13:21', 'YYYY-MM-DD hh24:mi'))
,	('cwatsonn', 'jfergusondc', to_timestamp('2017-02-09 13:42', 'YYYY-MM-DD hh24:mi'))
,	('dgrantl', 'mmurphycj', to_timestamp('2017-02-09 16:16', 'YYYY-MM-DD hh24:mi'))
,	('ldayc', 'ehartcx', to_timestamp('2017-02-10 02:17', 'YYYY-MM-DD hh24:mi'))
,	('kscott3', 'tgutierrezcp', to_timestamp('2017-02-10 03:36', 'YYYY-MM-DD hh24:mi'))
,	('aedwardsf', 'mramirezcv', to_timestamp('2017-02-10 19:19', 'YYYY-MM-DD hh24:mi'))
,	('clong6', 'cburnsda', to_timestamp('2017-02-10 19:49', 'YYYY-MM-DD hh24:mi'))
,	('dpalmere', 'jbutlercm', to_timestamp('2017-02-11 09:53', 'YYYY-MM-DD hh24:mi'))
,	('bjamesa', 'jriced8', to_timestamp('2017-02-11 14:35', 'YYYY-MM-DD hh24:mi'))
,	('bjamesa', 'jcampbellcn', to_timestamp('2017-02-11 17:39', 'YYYY-MM-DD hh24:mi'))
,	('towensi', 'afoxdf', to_timestamp('2017-02-11 23:25', 'YYYY-MM-DD hh24:mi'))
,	('mevans4', 'ehartcx', to_timestamp('2017-02-12 04:21', 'YYYY-MM-DD hh24:mi'))
,	('tbrownk', 'vmorenod0', to_timestamp('2017-02-12 05:53', 'YYYY-MM-DD hh24:mi'))
,	('mevans4', 'hbakerdm', to_timestamp('2017-02-12 05:57', 'YYYY-MM-DD hh24:mi'))
,	('clong6', 'jcampbellcn', to_timestamp('2017-02-12 07:18', 'YYYY-MM-DD hh24:mi'))
,	('dhowell8', 'dmurphydl', to_timestamp('2017-02-12 12:15', 'YYYY-MM-DD hh24:mi'))
,	('mrodriguez1', 'trobertscc', to_timestamp('2017-02-12 14:32', 'YYYY-MM-DD hh24:mi'))
,	('cwatsonn', 'mlongct', to_timestamp('2017-02-12 16:28', 'YYYY-MM-DD hh24:mi'))
,	('elanem', 'hbakerdm', to_timestamp('2017-02-12 20:40', 'YYYY-MM-DD hh24:mi'))
,	('aedwardsf', 'lmatthewsdp', to_timestamp('2017-02-12 23:46', 'YYYY-MM-DD hh24:mi'))
,	('towensi', 'bgibsond1', to_timestamp('2017-02-13 05:36', 'YYYY-MM-DD hh24:mi'))
,	('lmitchell9', 'dmurphydl', to_timestamp('2017-02-13 08:08', 'YYYY-MM-DD hh24:mi'))
,	('dfowlerj', 'hlopezcg', to_timestamp('2017-02-13 10:39', 'YYYY-MM-DD hh24:mi'))
,	('towensi', 'mramirezcv', to_timestamp('2017-02-13 11:44', 'YYYY-MM-DD hh24:mi'))
,	('crichards2', 'hwheelercb', to_timestamp('2017-02-13 12:05', 'YYYY-MM-DD hh24:mi'))
,	('towensi', 'smorrisondn', to_timestamp('2017-02-13 14:42', 'YYYY-MM-DD hh24:mi'))
,	('salexanderh', 'mmurphycj', to_timestamp('2017-02-13 17:56', 'YYYY-MM-DD hh24:mi'))
,	('salexanderh', 'afoxdf', to_timestamp('2017-02-13 18:12', 'YYYY-MM-DD hh24:mi'))
,	('emillsd', 'rwatsond2', to_timestamp('2017-02-13 21:40', 'YYYY-MM-DD hh24:mi'))
,	('lmitchell9', 'jfergusondc', to_timestamp('2017-02-13 22:04', 'YYYY-MM-DD hh24:mi'))
,	('ldayc', 'rfraziercd', to_timestamp('2017-02-14 01:00', 'YYYY-MM-DD hh24:mi'))
,	('crichards2', 'mramirezcv', to_timestamp('2017-02-14 01:51', 'YYYY-MM-DD hh24:mi'))
,	('crichards2', 'jtuckerd9', to_timestamp('2017-02-15 02:52', 'YYYY-MM-DD hh24:mi'))
,	('tbrownk', 'jfergusondc', to_timestamp('2017-02-15 04:52', 'YYYY-MM-DD hh24:mi'))
,	('tbrownk', 'mmurphydh', to_timestamp('2017-02-15 11:07', 'YYYY-MM-DD hh24:mi'))
,	('mevans4', 'jbennettcf', to_timestamp('2017-02-15 16:52', 'YYYY-MM-DD hh24:mi'))
,	('mrodriguez1', 'cburnsda', to_timestamp('2017-02-16 01:40', 'YYYY-MM-DD hh24:mi'))
,	('ccook0', 'tgutierrezcp', to_timestamp('2017-02-16 06:01', 'YYYY-MM-DD hh24:mi'))
,	('cwatsonn', 'afoxdf', to_timestamp('2017-02-16 08:54', 'YYYY-MM-DD hh24:mi'))
,	('clong6', 'cmorgancu', to_timestamp('2017-02-16 12:43', 'YYYY-MM-DD hh24:mi'))
,	('mrodriguez1', 'lmorgancz', to_timestamp('2017-02-16 16:51', 'YYYY-MM-DD hh24:mi'))
,	('kscott3', 'vmorenod0', to_timestamp('2017-02-16 19:10', 'YYYY-MM-DD hh24:mi'))
,	('clong6', 'halexanderde', to_timestamp('2017-02-17 00:44', 'YYYY-MM-DD hh24:mi'))
,	('mrodriguez1', 'jjamesdb', to_timestamp('2017-02-17 05:02', 'YYYY-MM-DD hh24:mi'))
,	('dhowell8', 'bgibsond1', to_timestamp('2017-02-17 05:32', 'YYYY-MM-DD hh24:mi'))
,	('elanem', 'swebbdo', to_timestamp('2017-02-17 06:06', 'YYYY-MM-DD hh24:mi'))
,	('towensi', 'byoungd6', to_timestamp('2017-02-17 07:54', 'YYYY-MM-DD hh24:mi'))
,	('mevans4', 'cmorgancu', to_timestamp('2017-02-17 12:01', 'YYYY-MM-DD hh24:mi'))
,	('cwatsonn', 'aleedd', to_timestamp('2017-02-17 19:50', 'YYYY-MM-DD hh24:mi'))
,	('dfowlerj', 'rwatsond2', to_timestamp('2017-02-17 19:58', 'YYYY-MM-DD hh24:mi'))
,	('lgonzalezg', 'kparkerdj', to_timestamp('2017-02-18 00:20', 'YYYY-MM-DD hh24:mi'))
,	('dpalmere', 'rwatsond2', to_timestamp('2017-02-18 00:46', 'YYYY-MM-DD hh24:mi'))
,	('dfowlerj', 'jcampbellcn', to_timestamp('2017-02-18 01:48', 'YYYY-MM-DD hh24:mi'))
,	('clong6', 'ehartcx', to_timestamp('2017-02-18 01:50', 'YYYY-MM-DD hh24:mi'))
,	('aedwardsf', 'jbutlercm', to_timestamp('2017-02-18 13:18', 'YYYY-MM-DD hh24:mi'))
,	('bgarcia7', 'dporterch', to_timestamp('2017-02-18 15:19', 'YYYY-MM-DD hh24:mi'))
,	('kscott3', 'byoungd6', to_timestamp('2017-02-18 20:42', 'YYYY-MM-DD hh24:mi'))
,	('cwatsonn', 'hlopezcg', to_timestamp('2017-02-18 23:38', 'YYYY-MM-DD hh24:mi'))
,	('emillsd', 'jfergusondc', to_timestamp('2017-02-19 03:14', 'YYYY-MM-DD hh24:mi'))
,	('salexanderh', 'lmatthewsdp', to_timestamp('2017-02-19 05:23', 'YYYY-MM-DD hh24:mi'))
,	('dgrantl', 'aharveyce', to_timestamp('2017-02-19 05:29', 'YYYY-MM-DD hh24:mi'))
,	('bgarcia7', 'hwheelercb', to_timestamp('2017-02-19 19:04', 'YYYY-MM-DD hh24:mi'))
,	('tbrownk', 'jriced8', to_timestamp('2017-02-19 20:41', 'YYYY-MM-DD hh24:mi'))
,	('lmitchell9', 'kstoneca', to_timestamp('2017-02-19 22:22', 'YYYY-MM-DD hh24:mi'))
,	('aedwardsf', 'hlopezcg', to_timestamp('2017-02-20 04:06', 'YYYY-MM-DD hh24:mi'))
,	('bgarcia7', 'halexanderde', to_timestamp('2017-02-20 14:01', 'YYYY-MM-DD hh24:mi'))
,	('ccook0', 'eevansd5', to_timestamp('2017-02-20 15:07', 'YYYY-MM-DD hh24:mi'))
,	('clong6', 'vmorenod0', to_timestamp('2017-02-21 03:19', 'YYYY-MM-DD hh24:mi'))
,	('twardb', 'tjohnsond7', to_timestamp('2017-02-21 04:56', 'YYYY-MM-DD hh24:mi'))
,	('vharrison5', 'aleedd', to_timestamp('2017-02-21 12:08', 'YYYY-MM-DD hh24:mi'))
,	('vharrison5', 'trobertscc', to_timestamp('2017-02-21 15:43', 'YYYY-MM-DD hh24:mi'))
,	('salexanderh', 'rfraziercd', to_timestamp('2017-02-22 01:22', 'YYYY-MM-DD hh24:mi'))
,	('vharrison5', 'mmurphycj', to_timestamp('2017-02-22 03:46', 'YYYY-MM-DD hh24:mi'))
,	('ldayc', 'rjenkinscl', to_timestamp('2017-02-22 05:55', 'YYYY-MM-DD hh24:mi'))
,	('crichards2', 'thernandezc7', to_timestamp('2017-02-22 13:48', 'YYYY-MM-DD hh24:mi'))
,	('towensi', 'jriced8', to_timestamp('2017-02-22 16:21', 'YYYY-MM-DD hh24:mi'))
,	('cwatsonn', 'nharperc9', to_timestamp('2017-02-22 18:22', 'YYYY-MM-DD hh24:mi'))
,	('tbrownk', 'lmorgancz', to_timestamp('2017-02-22 20:29', 'YYYY-MM-DD hh24:mi'))
,	('dhowell8', 'mfisherdk', to_timestamp('2017-02-22 20:34', 'YYYY-MM-DD hh24:mi'))
,	('tbrownk', 'wjacksoncq', to_timestamp('2017-02-22 21:51', 'YYYY-MM-DD hh24:mi'))
,	('crichards2', 'cburnsda', to_timestamp('2017-02-22 23:48', 'YYYY-MM-DD hh24:mi'))
,	('dgrantl', 'kstoneca', to_timestamp('2017-02-23 00:19', 'YYYY-MM-DD hh24:mi'))
,	('dfowlerj', 'dporterch', to_timestamp('2017-02-23 02:09', 'YYYY-MM-DD hh24:mi'))
,	('dfowlerj', 'jstanleydg', to_timestamp('2017-02-23 03:25', 'YYYY-MM-DD hh24:mi'))
,	('bgarcia7', 'lmatthewsdp', to_timestamp('2017-02-23 10:07', 'YYYY-MM-DD hh24:mi'))
,	('kscott3', 'jcampbellcn', to_timestamp('2017-02-23 10:34', 'YYYY-MM-DD hh24:mi'))
,	('vharrison5', 'cmorgancu', to_timestamp('2017-02-23 11:14', 'YYYY-MM-DD hh24:mi'))
,	('dhowell8', 'aleedd', to_timestamp('2017-02-23 13:53', 'YYYY-MM-DD hh24:mi'))
,	('ldayc', 'nharperc9', to_timestamp('2017-02-23 15:30', 'YYYY-MM-DD hh24:mi'))
,	('kscott3', 'mramirezcv', to_timestamp('2017-02-23 16:11', 'YYYY-MM-DD hh24:mi'))
,	('mevans4', 'jcampbellcn', to_timestamp('2017-02-23 16:28', 'YYYY-MM-DD hh24:mi'))
,	('crichards2', 'rfraziercd', to_timestamp('2017-02-24 10:33', 'YYYY-MM-DD hh24:mi'))
,	('tbrownk', 'jstanleydg', to_timestamp('2017-02-24 11:19', 'YYYY-MM-DD hh24:mi'))
,	('emillsd', 'nharperc9', to_timestamp('2017-02-24 16:59', 'YYYY-MM-DD hh24:mi'))
,	('elanem', 'vmorenod0', to_timestamp('2017-02-24 17:53', 'YYYY-MM-DD hh24:mi'))
,	('ldayc', 'mlongct', to_timestamp('2017-02-24 20:05', 'YYYY-MM-DD hh24:mi'))
,	('vharrison5', 'kparkerdj', to_timestamp('2017-02-24 23:00', 'YYYY-MM-DD hh24:mi'))
,	('lgonzalezg', 'hlopezcg', to_timestamp('2017-02-25 00:20', 'YYYY-MM-DD hh24:mi'))
,	('lmitchell9', 'wjacksoncq', to_timestamp('2017-02-25 01:12', 'YYYY-MM-DD hh24:mi'))
,	('bgarcia7', 'hbakerdm', to_timestamp('2017-02-25 03:00', 'YYYY-MM-DD hh24:mi'))
,	('elanem', 'sjonesd3', to_timestamp('2017-02-25 09:36', 'YYYY-MM-DD hh24:mi'))
,	('lmitchell9', 'mlongct', to_timestamp('2017-02-25 13:56', 'YYYY-MM-DD hh24:mi'))
,	('twardb', 'rwatsond2', to_timestamp('2017-02-25 16:10', 'YYYY-MM-DD hh24:mi'))
,	('ccook0', 'jfergusondc', to_timestamp('2017-02-25 16:55', 'YYYY-MM-DD hh24:mi'))
,	('bjamesa', 'thernandezc7', to_timestamp('2017-02-25 18:37', 'YYYY-MM-DD hh24:mi'))
,	('aedwardsf', 'aharveyce', to_timestamp('2017-02-25 21:34', 'YYYY-MM-DD hh24:mi'))
,	('ccook0', 'swebbdo', to_timestamp('2017-02-26 04:14', 'YYYY-MM-DD hh24:mi'))
,	('ldayc', 'aarmstrongcy', to_timestamp('2017-02-26 05:41', 'YYYY-MM-DD hh24:mi'))
,	('clong6', 'thernandezc7', to_timestamp('2017-02-26 12:23', 'YYYY-MM-DD hh24:mi'))
,	('bjamesa', 'hbakerdm', to_timestamp('2017-02-26 17:28', 'YYYY-MM-DD hh24:mi'))
,	('dfowlerj', 'sjonesd3', to_timestamp('2017-02-26 17:46', 'YYYY-MM-DD hh24:mi'))
,	('lmitchell9', 'halexanderde', to_timestamp('2017-02-26 20:18', 'YYYY-MM-DD hh24:mi'))
,	('dhowell8', 'aharveyce', to_timestamp('2017-02-27 00:18', 'YYYY-MM-DD hh24:mi'))
,	('ccook0', 'halexanderde', to_timestamp('2017-02-27 00:56', 'YYYY-MM-DD hh24:mi'))
,	('dpalmere', 'jcampbellcn', to_timestamp('2017-02-27 05:21', 'YYYY-MM-DD hh24:mi'))
,	('tbrownk', 'mramirezcv', to_timestamp('2017-02-27 13:37', 'YYYY-MM-DD hh24:mi'))
,	('kscott3', 'jstanleydg', to_timestamp('2017-02-27 14:01', 'YYYY-MM-DD hh24:mi'))
,	('cwatsonn', 'jjamesdb', to_timestamp('2017-02-28 09:15', 'YYYY-MM-DD hh24:mi'))
,	('cwatsonn', 'mfisherdk', to_timestamp('2017-02-28 12:50', 'YYYY-MM-DD hh24:mi'))
,	('dgrantl', 'ehartcx', to_timestamp('2017-02-28 15:02', 'YYYY-MM-DD hh24:mi'))
,	('vharrison5', 'bgibsond1', to_timestamp('2017-02-28 23:14', 'YYYY-MM-DD hh24:mi'))
,	('dgrantl', 'jjamesdb', to_timestamp('2017-03-01 04:14', 'YYYY-MM-DD hh24:mi'))
,	('ccook0', 'awellsck', to_timestamp('2017-03-01 14:23', 'YYYY-MM-DD hh24:mi'))
,	('aedwardsf', 'thernandezc7', to_timestamp('2017-03-01 15:49', 'YYYY-MM-DD hh24:mi'))
,	('bjamesa', 'eevansd5', to_timestamp('2017-03-01 22:07', 'YYYY-MM-DD hh24:mi'))
,	('kscott3', 'bgibsond1', to_timestamp('2017-03-02 00:29', 'YYYY-MM-DD hh24:mi'))
,	('ldayc', 'bdixondi', to_timestamp('2017-03-02 05:19', 'YYYY-MM-DD hh24:mi'))
,	('dhowell8', 'rfraziercd', to_timestamp('2017-03-02 13:43', 'YYYY-MM-DD hh24:mi'))
,	('ldayc', 'lmorgancz', to_timestamp('2017-03-02 15:35', 'YYYY-MM-DD hh24:mi'))
,	('dfowlerj', 'jbennettcf', to_timestamp('2017-03-02 21:57', 'YYYY-MM-DD hh24:mi'))
,	('clong6', 'mmurphycj', to_timestamp('2017-03-03 01:46', 'YYYY-MM-DD hh24:mi'))
,	('clong6', 'mramirezcv', to_timestamp('2017-03-03 02:13', 'YYYY-MM-DD hh24:mi'))
,	('salexanderh', 'rtaylorco', to_timestamp('2017-03-03 06:06', 'YYYY-MM-DD hh24:mi'))
,	('mrodriguez1', 'dporterch', to_timestamp('2017-03-03 10:05', 'YYYY-MM-DD hh24:mi'))
,	('clong6', 'sjonesd3', to_timestamp('2017-03-03 11:17', 'YYYY-MM-DD hh24:mi'))
,	('cwatsonn', 'tjohnsond7', to_timestamp('2017-03-03 15:01', 'YYYY-MM-DD hh24:mi'))
,	('mrodriguez1', 'jfergusondc', to_timestamp('2017-03-03 15:23', 'YYYY-MM-DD hh24:mi'))
,	('emillsd', 'jtuckerd9', to_timestamp('2017-03-03 17:31', 'YYYY-MM-DD hh24:mi'))
,	('bgarcia7', 'ehartcx', to_timestamp('2017-03-04 05:20', 'YYYY-MM-DD hh24:mi'))
,	('ccook0', 'jcampbellcn', to_timestamp('2017-03-04 06:22', 'YYYY-MM-DD hh24:mi'))
,	('kscott3', 'eevansd5', to_timestamp('2017-03-04 15:30', 'YYYY-MM-DD hh24:mi'))
,	('crichards2', 'tjohnsond7', to_timestamp('2017-03-04 17:57', 'YYYY-MM-DD hh24:mi'))
,	('dpalmere', 'mmurphycj', to_timestamp('2017-03-04 22:28', 'YYYY-MM-DD hh24:mi'))
,	('mrodriguez1', 'smorrisondn', to_timestamp('2017-03-05 05:10', 'YYYY-MM-DD hh24:mi'))
,	('mrodriguez1', 'wjacksoncq', to_timestamp('2017-03-05 09:22', 'YYYY-MM-DD hh24:mi'))
,	('towensi', 'vmorenod0', to_timestamp('2017-03-05 09:47', 'YYYY-MM-DD hh24:mi'))
,	('crichards2', 'lmatthewsdp', to_timestamp('2017-03-05 12:13', 'YYYY-MM-DD hh24:mi'))
,	('clong6', 'wjacksoncq', to_timestamp('2017-03-05 15:36', 'YYYY-MM-DD hh24:mi'))
,	('aedwardsf', 'jcampbellcn', to_timestamp('2017-03-05 20:47', 'YYYY-MM-DD hh24:mi'))
,	('lgonzalezg', 'mramirezcv', to_timestamp('2017-03-05 22:24', 'YYYY-MM-DD hh24:mi'))
,	('dhowell8', 'rtaylorco', to_timestamp('2017-03-06 00:07', 'YYYY-MM-DD hh24:mi'))
,	('bgarcia7', 'wjacksoncq', to_timestamp('2017-03-06 02:45', 'YYYY-MM-DD hh24:mi'))
,	('twardb', 'tgutierrezcp', to_timestamp('2017-03-06 08:15', 'YYYY-MM-DD hh24:mi'))
,	('clong6', 'kstoneca', to_timestamp('2017-03-06 09:13', 'YYYY-MM-DD hh24:mi'))
,	('ldayc', 'rwatsond2', to_timestamp('2017-03-06 10:02', 'YYYY-MM-DD hh24:mi'))
,	('towensi', 'dporterch', to_timestamp('2017-03-06 17:20', 'YYYY-MM-DD hh24:mi'))
,	('bjamesa', 'afoxdf', to_timestamp('2017-03-06 17:58', 'YYYY-MM-DD hh24:mi'))
,	('vharrison5', 'sjonesd3', to_timestamp('2017-03-07 02:18', 'YYYY-MM-DD hh24:mi'))
,	('kscott3', 'mmurphycj', to_timestamp('2017-03-07 04:10', 'YYYY-MM-DD hh24:mi'))
,	('towensi', 'dmurphydl', to_timestamp('2017-03-07 14:03', 'YYYY-MM-DD hh24:mi'))
,	('dfowlerj', 'mfisherdk', to_timestamp('2017-03-07 15:57', 'YYYY-MM-DD hh24:mi'))
,	('lmitchell9', 'jriced8', to_timestamp('2017-03-07 19:46', 'YYYY-MM-DD hh24:mi'))
,	('salexanderh', 'rjenkinscl', to_timestamp('2017-03-07 22:13', 'YYYY-MM-DD hh24:mi'))
,	('mrodriguez1', 'bgibsond1', to_timestamp('2017-03-07 23:39', 'YYYY-MM-DD hh24:mi'))
,	('bgarcia7', 'kparkerdj', to_timestamp('2017-03-08 03:49', 'YYYY-MM-DD hh24:mi'))
,	('dhowell8', 'kparkerdj', to_timestamp('2017-03-08 06:52', 'YYYY-MM-DD hh24:mi'))
,	('dfowlerj', 'lboydcr', to_timestamp('2017-03-08 11:33', 'YYYY-MM-DD hh24:mi'))
,	('clong6', 'scarterd4', to_timestamp('2017-03-08 13:13', 'YYYY-MM-DD hh24:mi'))
,	('ldayc', 'lmatthewsdp', to_timestamp('2017-03-08 13:21', 'YYYY-MM-DD hh24:mi'))
,	('bgarcia7', 'jriced8', to_timestamp('2017-03-08 17:10', 'YYYY-MM-DD hh24:mi'))
,	('salexanderh', 'blawsoncw', to_timestamp('2017-03-08 17:12', 'YYYY-MM-DD hh24:mi'))
,	('lmitchell9', 'swebbdo', to_timestamp('2017-03-08 20:17', 'YYYY-MM-DD hh24:mi'))
,	('dfowlerj', 'mlongct', to_timestamp('2017-03-09 05:43', 'YYYY-MM-DD hh24:mi'))
,	('salexanderh', 'mlongct', to_timestamp('2017-03-09 06:08', 'YYYY-MM-DD hh24:mi'))
,	('ccook0', 'rfraziercd', to_timestamp('2017-03-09 11:23', 'YYYY-MM-DD hh24:mi'))
,	('crichards2', 'preidcs', to_timestamp('2017-03-09 12:59', 'YYYY-MM-DD hh24:mi'))
,	('tbrownk', 'cburnsda', to_timestamp('2017-03-09 14:27', 'YYYY-MM-DD hh24:mi'))
,	('ldayc', 'jstanleydg', to_timestamp('2017-03-09 22:03', 'YYYY-MM-DD hh24:mi'))
,	('dhowell8', 'jjamesdb', to_timestamp('2017-03-10 01:03', 'YYYY-MM-DD hh24:mi'))
,	('tbrownk', 'jtuckerd9', to_timestamp('2017-03-10 05:37', 'YYYY-MM-DD hh24:mi'))
,	('kscott3', 'halexanderde', to_timestamp('2017-03-10 06:24', 'YYYY-MM-DD hh24:mi'))
,	('dgrantl', 'lmatthewsdp', to_timestamp('2017-03-10 13:29', 'YYYY-MM-DD hh24:mi'))
,	('ccook0', 'blawsoncw', to_timestamp('2017-03-10 16:03', 'YYYY-MM-DD hh24:mi'))
,	('lgonzalezg', 'vmorenod0', to_timestamp('2017-03-11 07:44', 'YYYY-MM-DD hh24:mi'))
,	('bgarcia7', 'byoungd6', to_timestamp('2017-03-11 09:48', 'YYYY-MM-DD hh24:mi'))
,	('mrodriguez1', 'jcampbellcn', to_timestamp('2017-03-11 11:04', 'YYYY-MM-DD hh24:mi'))
,	('salexanderh', 'jbutlercm', to_timestamp('2017-03-11 16:43', 'YYYY-MM-DD hh24:mi'))
,	('bgarcia7', 'mlongct', to_timestamp('2017-03-11 19:42', 'YYYY-MM-DD hh24:mi'))
,	('ldayc', 'jjamesdb', to_timestamp('2017-03-11 20:31', 'YYYY-MM-DD hh24:mi'))
,	('kscott3', 'kstoneca', to_timestamp('2017-03-12 00:27', 'YYYY-MM-DD hh24:mi'))
,	('mrodriguez1', 'mmurphydh', to_timestamp('2017-03-12 02:17', 'YYYY-MM-DD hh24:mi'))
,	('mrodriguez1', 'sramirezc8', to_timestamp('2017-03-12 11:02', 'YYYY-MM-DD hh24:mi'))
,	('bgarcia7', 'dmurphydl', to_timestamp('2017-03-12 17:23', 'YYYY-MM-DD hh24:mi'))
,	('emillsd', 'mlongct', to_timestamp('2017-03-12 19:42', 'YYYY-MM-DD hh24:mi'))
,	('crichards2', 'lmorgancz', to_timestamp('2017-03-12 21:51', 'YYYY-MM-DD hh24:mi'))
,	('vharrison5', 'vmorenod0', to_timestamp('2017-03-12 23:03', 'YYYY-MM-DD hh24:mi'))
,	('mevans4', 'bdixondi', to_timestamp('2017-03-13 00:19', 'YYYY-MM-DD hh24:mi'))
,	('emillsd', 'vmorenod0', to_timestamp('2017-03-13 05:07', 'YYYY-MM-DD hh24:mi'))
,	('bjamesa', 'cmorgancu', to_timestamp('2017-03-13 05:34', 'YYYY-MM-DD hh24:mi'))
,	('dpalmere', 'hbakerdm', to_timestamp('2017-03-13 07:24', 'YYYY-MM-DD hh24:mi'))
,	('dhowell8', 'vmorenod0', to_timestamp('2017-03-13 10:01', 'YYYY-MM-DD hh24:mi'))
,	('ccook0', 'lmorgancz', to_timestamp('2017-03-13 10:05', 'YYYY-MM-DD hh24:mi'))
,	('dfowlerj', 'afoxdf', to_timestamp('2017-03-13 11:05', 'YYYY-MM-DD hh24:mi'))
,	('bgarcia7', 'tgutierrezcp', to_timestamp('2017-03-13 11:59', 'YYYY-MM-DD hh24:mi'))
,	('vharrison5', 'tgutierrezcp', to_timestamp('2017-03-13 15:35', 'YYYY-MM-DD hh24:mi'))
,	('towensi', 'kstoneca', to_timestamp('2017-03-13 16:28', 'YYYY-MM-DD hh24:mi'))
,	('bgarcia7', 'mmurphydh', to_timestamp('2017-03-13 20:11', 'YYYY-MM-DD hh24:mi'))
,	('cwatsonn', 'smorrisondn', to_timestamp('2017-03-13 21:56', 'YYYY-MM-DD hh24:mi'))
,	('crichards2', 'ehartcx', to_timestamp('2017-03-14 15:42', 'YYYY-MM-DD hh24:mi'))
,	('towensi', 'sjonesd3', to_timestamp('2017-03-14 16:28', 'YYYY-MM-DD hh24:mi'))
,	('dhowell8', 'hwheelercb', to_timestamp('2017-03-15 00:11', 'YYYY-MM-DD hh24:mi'))
,	('ccook0', 'bduncanci', to_timestamp('2017-03-15 06:54', 'YYYY-MM-DD hh24:mi'))
,	('emillsd', 'aharveyce', to_timestamp('2017-03-15 07:08', 'YYYY-MM-DD hh24:mi'))
,	('vharrison5', 'jcampbellcn', to_timestamp('2017-03-15 13:51', 'YYYY-MM-DD hh24:mi'))
,	('elanem', 'smorrisondn', to_timestamp('2017-03-15 18:33', 'YYYY-MM-DD hh24:mi'))
,	('bjamesa', 'cburnsda', to_timestamp('2017-03-15 22:16', 'YYYY-MM-DD hh24:mi'))
,	('elanem', 'jbutlercm', to_timestamp('2017-03-16 00:40', 'YYYY-MM-DD hh24:mi'))
,	('lmitchell9', 'blawsoncw', to_timestamp('2017-03-16 02:19', 'YYYY-MM-DD hh24:mi'))
,	('lmitchell9', 'aarmstrongcy', to_timestamp('2017-03-16 07:49', 'YYYY-MM-DD hh24:mi'))
,	('kscott3', 'aharveyce', to_timestamp('2017-03-16 08:29', 'YYYY-MM-DD hh24:mi'))
,	('mevans4', 'jjamesdb', to_timestamp('2017-03-16 14:09', 'YYYY-MM-DD hh24:mi'))
,	('clong6', 'lmorgancz', to_timestamp('2017-03-16 15:40', 'YYYY-MM-DD hh24:mi'))
,	('dpalmere', 'rfraziercd', to_timestamp('2017-03-16 18:37', 'YYYY-MM-DD hh24:mi'))
,	('bgarcia7', 'thernandezc7', to_timestamp('2017-03-16 21:31', 'YYYY-MM-DD hh24:mi'))
,	('dfowlerj', 'hwheelercb', to_timestamp('2017-03-16 22:33', 'YYYY-MM-DD hh24:mi'))
,	('kscott3', 'wjacksoncq', to_timestamp('2017-03-17 00:10', 'YYYY-MM-DD hh24:mi'))
,	('kscott3', 'jjamesdb', to_timestamp('2017-03-17 01:25', 'YYYY-MM-DD hh24:mi'))
,	('ccook0', 'jjamesdb', to_timestamp('2017-03-17 04:27', 'YYYY-MM-DD hh24:mi'))
,	('mrodriguez1', 'halexanderde', to_timestamp('2017-03-17 06:33', 'YYYY-MM-DD hh24:mi'))
,	('dpalmere', 'mramirezcv', to_timestamp('2017-03-17 13:30', 'YYYY-MM-DD hh24:mi'))
,	('dgrantl', 'hlopezcg', to_timestamp('2017-03-17 14:11', 'YYYY-MM-DD hh24:mi'))
,	('salexanderh', 'ehartcx', to_timestamp('2017-03-17 15:57', 'YYYY-MM-DD hh24:mi'))
,	('cwatsonn', 'halexanderde', to_timestamp('2017-03-17 18:48', 'YYYY-MM-DD hh24:mi'))
,	('twardb', 'lmatthewsdp', to_timestamp('2017-03-18 02:24', 'YYYY-MM-DD hh24:mi'))
,	('towensi', 'mlongct', to_timestamp('2017-03-18 08:06', 'YYYY-MM-DD hh24:mi'))
,	('bjamesa', 'kparkerdj', to_timestamp('2017-03-18 08:58', 'YYYY-MM-DD hh24:mi'))
,	('ccook0', 'jbennettcf', to_timestamp('2017-03-18 10:48', 'YYYY-MM-DD hh24:mi'))
,	('aedwardsf', 'jtuckerd9', to_timestamp('2017-03-18 17:49', 'YYYY-MM-DD hh24:mi'))
,	('clong6', 'eevansd5', to_timestamp('2017-03-18 23:42', 'YYYY-MM-DD hh24:mi'))
,	('tbrownk', 'blawsoncw', to_timestamp('2017-03-18 23:47', 'YYYY-MM-DD hh24:mi'))
,	('dfowlerj', 'aleedd', to_timestamp('2017-03-19 02:16', 'YYYY-MM-DD hh24:mi'))
,	('kscott3', 'nharperc9', to_timestamp('2017-03-19 05:33', 'YYYY-MM-DD hh24:mi'))
,	('ccook0', 'jbutlercm', to_timestamp('2017-03-19 08:27', 'YYYY-MM-DD hh24:mi'))
,	('dhowell8', 'jfergusondc', to_timestamp('2017-03-19 09:56', 'YYYY-MM-DD hh24:mi'))
,	('tbrownk', 'rwatsond2', to_timestamp('2017-03-19 14:59', 'YYYY-MM-DD hh24:mi'))
,	('tbrownk', 'aleedd', to_timestamp('2017-03-19 17:32', 'YYYY-MM-DD hh24:mi'))
,	('ldayc', 'bgibsond1', to_timestamp('2017-03-19 22:01', 'YYYY-MM-DD hh24:mi'))
,	('dgrantl', 'mmurphydh', to_timestamp('2017-03-19 22:09', 'YYYY-MM-DD hh24:mi'));
